event_id,radius_kpc,v_obs_kms,v_bar_kms,delta_F_calculado
1,5.0,230.99342830602245,211.399355436586,0.9650700511137947
2,5.02002002002002,229.7234713976576,210.5054715883581,0.9655727177371025
3,5.04004004004004,231.2953770762014,209.2238061576712,0.9604788779759744
4,5.06006006006006,233.0460597128161,208.1030521169085,0.9553908563207101
5,5.08008008008008,229.53169325055333,209.03647612909367,0.9631422428967501
6,5.1001001001001,229.53172608610163,208.32242886092268,0.9617937989566387
7,5.12012012012012,233.1584256310148,208.4172303496496,0.9557953791041133
8,5.14014014014014,231.53486945830585,207.75268215847743,0.9572904719427037
9,5.16016016016016,229.06105122813008,207.76489276963903,0.9615466385658276
10,5.18018018018018,231.08512008717196,205.78026822073545,0.9542975360111942
11,5.2002002002002,229.0731646143751,207.23537207383905,0.960520184679597
12,5.22022022022022,229.06854049285948,205.72034120628803,0.9576366807579781
13,5.24024024024024,230.48392454313208,207.2050332015147,0.9580430658300803
14,5.26026026026026,226.1734395106844,204.0498607801992,0.9594359095364675
15,5.28028028028028,226.55016433497397,206.08651290796035,0.9626937989394045
16,5.3003003003003,228.87542494151805,204.16216360879207,0.9549729328101774
17,5.32032032032032,227.97433775933115,202.92872101033927,0.9541394799570379
18,5.34034034034034,230.62849466519052,202.7143013631373,0.9491615488384062
19,5.36036036036036,228.1839518489576,202.49802986125025,0.9529400772164422
20,5.38038038038038,227.17539259732945,202.86485493490423,0.9553988793394038
21,5.4004004004004,232.9312975378431,202.58793845918083,0.945000651537382
22,5.42042042042042,229.5484473990269,201.11789968489717,0.9478957187297619
23,5.44044044044044,230.13505640937584,201.2958053712352,0.9472384044475549
24,5.46046046046046,227.15050362757307,203.093035221986,0.9558850450516594
25,5.48048048048048,228.91123455094964,202.3109388690892,0.9513218371657438
26,5.5005005005005,230.22184517941972,200.6543576888323,0.9458320953880197
27,5.52052052052052,227.6980128451554,199.89266508527828,0.9486771904158827
28,5.54054054054054,230.75139603669132,199.61329180338132,0.9428768516752832
29,5.56056056056056,228.7987226201624,199.74733084122036,0.9464902297819403
30,5.58058058058058,229.41661250041344,197.7535086812523,0.9414742586757845
31,5.6006006006006,228.7965867755412,198.16333175657692,0.9433565171492504
32,5.62062062062062,233.7045563690179,196.39843283678724,0.9314673705610741
33,5.64064064064064,229.9730055505241,198.1144333311932,0.9412382712264145
34,5.66066066066066,227.8845781420882,198.0124674488464,0.9446303196156708
35,5.68068068068068,231.6450898242064,196.5339978773164,0.9352272715968525
36,5.7007007007007005,227.558312700058,198.2449191932304,0.9456572414991103
37,5.7207207207207205,230.41772719000951,195.1007340465096,0.9344364338247325
38,5.7407407407407405,226.08065975224045,194.51949542384057,0.9407487170920653
39,5.7607607607607605,227.34362790220317,195.86748035108823,0.9412748335803088
40,5.7807807807807805,230.39372247173824,196.3510572067684,0.9369948328831269
41,5.8008008008008005,231.4769331599908,196.6505738068841,0.9357471095677021
42,5.8208208208208205,230.34273656237997,194.172190784341,0.9326847570566048
43,5.8408408408408405,229.76870343522356,195.3759115953443,0.9361033830269606
44,5.8608608608608606,229.39779260882145,193.92659003118104,0.93380591529879
45,5.880880880880881,227.04295601926515,193.46203638072203,0.936926889344758
46,5.900900900900901,228.5603115832106,194.1895718298007,0.9357812143136531
47,5.920920920920921,229.0787224580804,193.63115177517832,0.9337536055541091
48,5.940940940940941,232.11424445243784,191.0770084662421,0.9233335575009622
49,5.960960960960961,230.6872365791369,193.80615351617425,0.9313522776003472
50,5.980980980980981,226.4739196892745,193.38754413837196,0.9377640068145466
51,6.001001001001001,230.6481679387896,191.0613431934324,0.9257981256193654
52,6.021021021021021,229.22983543916737,191.7637626086141,0.9296749237861175
53,6.041041041041041,228.64615599938807,191.54462924361545,0.9302290298187772
54,6.061061061061061,231.2233525776817,190.9954864931474,0.9246807883775825
55,6.081081081081081,232.0619990449919,189.8702819684508,0.9209257028439224
56,6.101101101101101,231.8625602382324,189.4362860604585,0.920362752118239
57,6.121121121121121,228.3215649535547,189.7712129075828,0.9271234102052627
58,6.141141141141141,229.3815752482976,190.65987626968672,0.9271391758044664
59,6.161161161161161,230.66252686280717,189.7226380186801,0.9230027945536563
60,6.181181181181181,231.95109025424472,188.5018122480455,0.9182636214846522
61,6.201201201201201,229.04165152430943,189.33900000820648,0.9249840321077702
62,6.221221221221221,229.6286820466724,185.41510743113255,0.9157228794520323
63,6.241241241241241,227.78733005198796,189.1102267129487,0.9266715873059095
64,6.261261261261261,227.60758675183865,185.92100870355148,0.9202803534398558
65,6.281281281281281,231.6250516447884,186.99898195254437,0.9156636548240878
66,6.301301301301301,232.71248005714165,185.9438809144575,0.9115882214568483
67,6.321321321321321,229.85597975683933,185.4724134405623,0.9154547824038589
68,6.341341341341341,232.0070657957841,187.63287081655704,0.9163478080672351
69,6.361361361361361,230.7232720500953,185.71068588340472,0.9144766187860811
70,6.381381381381381,228.70976049078976,186.2326170231473,0.9190366391703249
71,6.401401401401401,230.72279121101684,185.54829079877848,0.9141326990009571
72,6.421421421421421,233.07607313293192,185.7827119172192,0.9106313028662618
73,6.441441441441441,229.9283479217801,185.09430358257103,0.9145265625237988
74,6.461461461461461,233.129287311628,183.4476404859895,0.9055570269373548
75,6.481481481481481,224.7605097918205,185.4413806067199,0.9242227797132085
76,6.501501501501501,231.64380500875043,183.66715809263607,0.9085472730113763
77,6.521521521521521,230.1740941364764,182.32144334027765,0.9081575514604783
78,6.541541541541541,229.40198529906823,183.16832028757668,0.9113078218243482
79,6.561561561561561,230.18352155307105,184.81689517426835,0.9134984307155354
80,6.581581581581581,226.0248621707982,183.8873369710495,0.9186959804553848
81,6.601601601601601,229.560656224325,182.4107131390244,0.9094020735940932
82,6.621621621621622,230.7142251430235,182.1336182046281,0.9068277468755892
83,6.641641641641642,232.95578808948304,181.88600257752933,0.9024814888218486
84,6.661661661661662,228.96345956345272,184.0103890097323,0.913869293982706
85,6.681681681681682,228.3830127942136,182.04281224551187,0.9106332378852325
86,6.701701701701702,228.9964859128309,181.81937736671657,0.9090921758623447
87,6.721721721721722,231.83080423540412,182.14929214447733,0.9049591194828113
88,6.741741741741742,230.65750221931935,181.08867584540687,0.9046572951778564
89,6.761761761761762,228.94047959246592,180.3229186353866,0.9059318106979697
90,6.781781781781782,231.0265348662267,180.11887229201258,0.9019112835871236
91,6.801801801801802,230.1941550986961,179.9780607638788,0.9030254578349679
92,6.821821821821822,231.9372899810658,179.74804953839205,0.8995487309221398
93,6.841841841841842,228.5958938122453,180.24967237535327,0.9063652770352362
94,6.861861861861862,229.34467570680445,179.31191260285226,0.903021106756386
95,6.881881881881882,229.2157836937357,179.73167511778374,0.9041640453296892
96,6.901901901901902,227.07297010373577,178.65852291710033,0.9055053109940374
97,6.921921921921922,230.59224055412915,178.55920705633895,0.8992256643710536
98,6.941941941941942,230.52211054435975,176.22482332457358,0.8941597803685333
99,6.961961961961962,230.01022691328487,178.88291554521996,0.9009352868664804
100,6.981981981981982,229.5308257332497,178.05774395112286,0.8999354861725093
101,7.002002002002002,227.1692585158992,178.45502903791854,0.904889147712213
102,7.022022022022022,229.1587093544693,174.30761503449608,0.8921867086675166
103,7.042042042042042,229.3145709669465,179.04017689539836,0.9024752046061683
104,7.062062062062062,228.3954454615568,176.56121697202366,0.8985635725837355
105,7.082082082082082,229.677428576668,177.55905887230543,0.8985786737004573
106,7.102102102102102,230.80810171362907,175.16209711874916,0.8912875936660012
107,7.122122122122122,233.77237180242105,176.56695403919872,0.8894067635623376
108,7.142142142142142,230.34915562566368,174.6539843932294,0.8909271750635083
109,7.162162162162162,230.51510078144557,174.83788626012498,0.8910581021604335
110,7.182182182182182,229.85110816846768,177.13097006059144,0.89732957660502
111,7.202202202202202,226.1624575694019,174.7825608629851,0.8984453509801278
112,7.222222222222222,229.9469722491016,174.9479946841269,0.892278606920287
113,7.242242242242242,230.12046041988205,175.3589550666216,0.8929059976273853
114,7.262262262262262,234.92648422497055,174.74389478199586,0.8833762153875313
115,7.282282282282282,229.61527807043777,174.15895051254765,0.891066133051736
116,7.302302302302302,230.6030946846672,174.13479766676934,0.8893198310304136
117,7.322322322322322,229.93057646058952,175.93553690341557,0.8945248554721273
118,7.342342342342342,227.6626439247609,173.2377600898781,0.8923416791939971
119,7.362362362362362,232.28564562903003,173.2607017987457,0.8844720095673102
120,7.382382382382382,231.5038660653736,173.87544075392856,0.8871961955256878
121,7.402402402402402,231.5820638940861,173.69644914402338,0.8866572419317371
122,7.4224224224224224,228.1812250904105,173.5450371848499,0.8921434256509376
123,7.442442442442442,232.8055886218722,172.76476121304725,0.8824613456518795
124,7.4624624624624625,227.19629787441545,170.75198432181256,0.8874543532337167
125,7.482482482482482,231.17371418760052,173.29830688960337,0.886448410446818
126,7.5025025025025025,234.38091125161995,170.28933777215028,0.8741167094476412
127,7.522522522522522,228.01892734973865,171.51004198699027,0.8877756933654698
128,7.5425425425425425,228.86740454079447,170.22576349768266,0.8833501869244813
129,7.562562562562562,230.19930273017528,170.68943727344626,0.8821354923253252
130,7.5825825825825826,228.9930486917676,170.85677178177897,0.8845919643214794
131,7.602602602602603,226.89867313786772,170.62469190520792,0.8876770345392657
132,7.622622622622623,230.13712594961208,170.50146647125158,0.8818077431564625
133,7.642642642642643,227.87539257254775,171.47034791818243,0.8879326172070384
134,7.662662662662663,230.9471848612704,170.08813603657623,0.8794666609775426
135,7.682682682682683,228.1611515315324,169.16927864100987,0.8821147631411678
136,7.702702702702703,233.09986881003508,170.1572187944678,0.8759705781990519
137,7.722722722722723,228.43349341532752,170.16315567823142,0.8839530442228347
138,7.742742742742743,229.35587696758864,167.52748260582314,0.876213607487399
139,7.762762762762763,231.62703443473933,169.1347418963483,0.8760932802842758
140,7.782782782782783,227.5382713671321,169.02160670309289,0.8828478916736522
141,7.802802802802803,230.45491986920825,167.8067979242407,0.8749862823348336
142,7.822822822822823,232.61428550856485,169.26482569242134,0.8747202149434032
143,7.842842842842843,226.78503353087757,167.52464542824163,0.8806489305112352
144,7.862862862862863,230.36926771706464,167.58667903679205,0.8746155204982338
145,7.882882882882883,230.51976558849685,167.07524655291238,0.8731537424898124
146,7.902902902902903,231.56364574355464,167.05192228461854,0.8713182830886722
147,7.922922922922923,227.52609857824385,165.72889696174605,0.8751164473820623
148,7.942942942942943,227.35908677383145,165.1747488603569,0.8740859686215806
149,7.962962962962963,231.0438831312338,167.99972635876787,0.8744332724473407
150,7.982982982982983,230.5939693464664,165.34947037780296,0.8689353246338161
151,8.003003003003002,230.50098570069176,164.99703374856736,0.868253426692277
152,8.023023023023022,230.69289641899397,163.62780940412546,0.8646416949561919
153,8.043043043043042,228.63995055684305,164.9357853866858,0.8713016567786124
154,8.063063063063062,230.464507394322,164.04597434587365,0.8660377975023309
155,8.083083083083082,230.58614494659736,166.80616092561306,0.8724051080574947
156,8.103103103103102,228.5712971639473,165.96980437658166,0.8738827640366766
157,8.123123123123122,233.7315490222895,164.0684336744567,0.8605447540421374
158,8.143143143143142,230.9476658418236,166.80636712341126,0.8717882514971519
159,8.163163163163162,227.6173930055947,165.3337900648246,0.8740177688066303
160,8.183183183183182,231.31310721726769,163.82602785017303,0.8640607666806658
161,8.203203203203202,228.05063665954532,161.4510250445078,0.8639036641086221
162,8.223223223223224,231.5741692074849,166.04167723988286,0.868910039931392
163,8.243243243243244,232.3171911580148,162.16219404117987,0.8583312959451749
164,8.263263263263264,228.35863536329657,161.70812312266105,0.8639988284791069
165,8.283283283283284,231.92675225848865,164.17856680995018,0.8638638271447574
166,8.303303303303304,230.82556185387295,165.39893810181226,0.8686576274414818
167,8.323323323323324,231.64412031998896,164.14735833982434,0.8642694226438478
168,8.343343343343344,233.7935859653079,163.13160071075612,0.8581836146852908
169,8.363363363363364,229.50922376799423,162.9677540163012,0.8650759983497499
170,8.383383383383384,228.49252767128505,163.03242113825186,0.8669818672092939
171,8.403403403403404,228.22097114074896,162.74463373634737,0.8667542561903208
172,8.423423423423424,228.36837943006915,162.07428567583656,0.8648733017849775
173,8.443443443443444,229.84579658117175,161.7053699095521,0.8614341380695861
174,8.463463463463464,230.68230394963328,161.34733162394895,0.8591290921189962
175,8.483483483483484,230.55338159866,160.4653934793542,0.8571894889758067
176,8.503503503503504,231.65436649807205,160.74878968862384,0.856007491826263
177,8.523523523523524,230.0260037837558,159.1472840730498,0.8548415948856105
178,8.543543543543544,232.90706815431463,160.55334288274474,0.8534028627292444
179,8.563563563563564,229.4706863335241,159.47519463340345,0.8566051789099385
180,8.583583583583584,235.44033833317923,159.17295740304343,0.8457371842084078
181,8.603603603603604,231.25133469553,160.26985577123236,0.855517856097333
182,8.623623623623624,228.28568488716743,161.29602892890944,0.8631192263676032
183,8.643643643643644,227.85821500387777,160.63705462707307,0.8622445662428087
184,8.663663663663664,230.9649448304864,157.96359141580842,0.8502944486126576
185,8.683683683683684,229.5530744293483,158.3604567950774,0.8536995245439236
186,8.703703703703704,231.42800098818415,160.10748426956027,0.8548174884607536
187,8.723723723723724,230.94647524914708,158.0014854290636,0.8504204830767526
188,8.743743743743744,229.85434217468625,158.57722738737718,0.8537217329814932
189,8.763763763763764,228.3064125638632,159.17042473648937,0.85785583749357
190,8.783783783783784,226.97030555062827,157.47116110822793,0.8559392274255408
191,8.803803803803804,229.106970095866,158.3646312889669,0.8544764661389176
192,8.823823823823824,231.7127975886469,156.7455942983604,0.8459702955742281
193,8.843843843843844,230.4281874882604,157.29922647491202,0.8495504562052743
194,8.863863863863864,227.50852244257604,158.0419572456067,0.856431693439386
195,8.883883883883884,230.3463618517024,155.95136621665085,0.8462992198863893
196,8.903903903903904,230.7706347594577,157.80761937901602,0.8502368249063729
197,8.923923923923924,228.2322851275977,157.17088821785825,0.8530021197769195
198,8.943943943943944,230.30745021189105,157.5669906908845,0.8504272174710512
199,8.963963963963964,230.116417436892,157.06297961939444,0.8494916995221918
200,8.983983983983984,227.71405940433877,158.02835740444073,0.8560419350135389
201,9.004004004004004,230.71557472069657,156.6151764432302,0.8473418788480604
202,9.024024024024024,231.12156905273648,155.88686160460733,0.8448122367818074
203,9.044044044044044,232.16610248635052,156.26545688010702,0.8439911961477353
204,9.064064064064064,232.1076041040698,156.51392347565283,0.8447165761166667
205,9.084084084084084,227.2446612640858,155.84752226129532,0.8513790082129984
206,9.104104104104104,228.12434992016972,155.6678581623105,0.8494019407887392
207,9.124124124124124,231.0300705344173,154.75444348431304,0.8420952010297643
208,9.144144144144144,231.0275719018244,154.62326428543253,0.8417652886499633
209,9.164164164164164,231.0300953726121,153.7138482245197,0.8394364545934917
210,9.184184184184184,237.70546298130944,156.6968737513511,0.8357858753917061
211,9.204204204204204,231.14178102138632,153.53482948234918,0.8387867963423862
212,9.224224224224224,232.2711312803612,153.91773242943415,0.8378476409328384
213,9.244244244244245,231.9080035269864,153.7247214959809,0.837969732905737
214,9.264264264264265,231.3027825026116,155.17108754507635,0.8426898251595677
215,9.284284284284285,229.3694615107193,153.81478823841044,0.842537886803166
216,9.304304304304305,231.5179384409865,155.1915921717419,0.8423755092421178
217,9.324324324324325,228.45434957092485,153.1050062046578,0.8422905962738113
218,9.344344344344345,229.52636278652,153.8926694037546,0.842467893797237
219,9.364364364364365,229.02927290434175,152.61403544047042,0.8400344489989628
220,9.384384384384385,230.16374827877263,155.4307648912885,0.8452940721523088
221,9.404404404404405,234.62931713334703,151.93477383090868,0.8287571768690751
222,9.424424424424425,226.2654696148165,153.26946988311488,0.8465075036101982
223,9.444444444444445,231.37252038074905,153.43122065382187,0.8381276010016402
224,9.464464464464465,226.7745682576207,153.0495524083616,0.8450560267143384
225,9.484484484484485,229.05613626842117,152.2892874092836,0.8391488066502308
226,9.504504504504505,232.17790119393476,152.1840856461768,0.8335421297515062
227,9.524524524524525,230.12856003819093,152.19755593726725,0.837070696580748
228,9.544544544544545,227.84451044414135,151.84708476547473,0.8400928900263165
229,9.564564564564565,228.5693925814801,152.79880972845012,0.8413033240651777
230,9.584584584584585,231.35919549786936,153.8867963801433,0.8393186378407786
231,9.604604604604605,228.5392667365657,150.96062068152037,0.8365858768668522
232,9.624624624624625,230.43291717916395,149.9906423136876,0.8307939787234576
233,9.644644644644645,230.09114367980763,151.1149872468695,0.8343218095739018
234,9.664664664664665,228.6967993047884,153.62629126509387,0.843212026342291
235,9.684684684684685,234.28788817865063,150.08670609542506,0.8245084166068282
236,9.704704704704705,231.267838044636,152.37377980025374,0.8355806574200182
237,9.724724724724725,225.9497148266848,152.2571272455662,0.8444463842023041
238,9.744744744744745,230.37290862953884,149.87108025944772,0.8305823672098621
239,9.764764764764765,228.67642707046323,150.83936982846316,0.83603280813214
240,9.784784784784785,231.70486666959243,151.74497536204137,0.8332071350030209
241,9.804804804804805,228.4149585231346,149.58411430955417,0.8331905926329497
242,9.824824824824825,229.7705271170662,149.60679392180774,0.8309186040952126
243,9.844844844844843,231.0099745579609,149.07629213392192,0.8273987975102524
244,9.864864864864863,231.73151038834024,148.49127924953285,0.8246204471189066
245,9.884884884884883,227.59940718588845,148.70528318250797,0.83227808976659
246,9.904904904904903,229.3309975283181,147.97960468839435,0.8273636394667104
247,9.924924924924923,229.0501093776781,149.087069812966,0.8307847494694103
248,9.944944944944943,228.69334153485255,148.13290936324103,0.8288688966377584
249,9.964964964964963,233.5309084805622,148.98701732999598,0.8228857444212883
250,9.984984984984983,230.8099634219219,147.04813490053775,0.8223421514155957
251,10.005005005005003,227.47823209132991,148.7861579583444,0.8327022047890875
252,10.025025025025023,231.83572389410955,149.14049967996226,0.8261624071861643
253,10.045045045045043,234.2443123940253,146.16537165844187,0.8141490605444694
254,10.065065065065063,232.0649305211023,148.38574183703858,0.8237736933424802
255,10.085085085085083,226.961260068092,149.0923714177819,0.8344089644377959
256,10.105105105105103,229.03153185426748,146.50851558030126,0.8239414955279049
257,10.125125125125123,232.53382229837325,149.24461801377558,0.8252526020324713
258,10.145145145145143,228.58466106876244,147.84538637214115,0.8282905957339921
259,10.165165165165163,230.88763885629243,146.57610781917856,0.8209425698898042
260,10.185185185185183,231.54926810685868,147.08053136887014,0.8211687535452453
261,10.205205205205203,228.14613905684385,147.55023448771584,0.8282598251645866
262,10.225225225225223,229.8809492878764,146.92394436440836,0.82359851723281
263,10.245245245245243,223.51746531986183,147.24314855872683,0.8355158998717602
264,10.265265265265263,227.95122471733143,145.64059270247705,0.8234632385445446
265,10.285285285285283,229.49486369721367,146.58791893940594,0.8233586205280988
266,10.305305305305303,227.5044336360703,144.86255149727666,0.8221255605914222
267,10.325325325325323,233.26482260786327,146.02316185289703,0.815416703599028
268,10.345345345345343,227.13971724407872,145.0890142300244,0.8233733560933083
269,10.365365365365363,229.119911026606,145.1163359328033,0.8200270094793368
270,10.385385385385383,230.26148115457215,146.94731112408553,0.8230094118822144
271,10.405405405405403,232.88254657813224,146.6622862487672,0.817784033063279
272,10.425425425425423,227.12827569764116,146.04027658363643,0.8259684185316157
273,10.445445445445444,232.32632750430992,144.1993902504052,0.8120526412198504
274,10.465465465465464,230.0204661220392,144.83625941103563,0.8177198928064433
275,10.485485485485484,228.0369826979041,146.22712878804492,0.8248988364418491
276,10.505505505505504,230.92420694852652,145.01750771185863,0.8166674886266937
277,10.525525525525524,230.3981193911469,147.05727464495305,0.8230704173090544
278,10.545545545545544,228.7995662456824,144.99380997403892,0.8202454967826812
279,10.565565565565564,230.13960416998003,144.65547914248128,0.8170236754835006
280,10.585585585585584,229.22937280627647,144.01764046588806,0.8168439251183696
281,10.605605605605604,230.2270346905025,144.3240119150253,0.8159699931350944
282,10.625625625625624,231.3242613490421,143.90210060548628,0.8129427250068166
283,10.645645645645644,233.1720336322907,144.6271620890839,0.8117880598628341
284,10.665665665665664,227.5243690023463,144.74062043796994,0.8217592074902299
285,10.685685685685684,234.26606674931253,142.86317331885917,0.8051075765531245
286,10.705705705705704,226.095824400955,142.18355265628645,0.8172172107454444
287,10.725725725725724,229.69642980992884,141.54457947399226,0.809216214432449
288,10.745745745745744,231.17663441296915,143.75515006404038,0.8127916721554518
289,10.765765765765764,230.56198373547008,142.0105389311952,0.8090291861990224
290,10.785785785785786,228.7546009603588,140.82813292362076,0.8088356523964648
291,10.805805805805806,229.58375549928545,143.2370895592567,0.814093612991031
292,10.825825825825826,229.01399813068232,145.20936566038273,0.8204617534369004
293,10.845845845845846,228.8212704861116,142.57851647187462,0.8135885426075546
294,10.865865865865866,231.69920419404204,143.2916637636936,0.8106293339800028
295,10.885885885885886,230.7140309719301,142.40395064296544,0.8098595674399953
296,10.905905905905906,228.61418080947868,142.09254095050989,0.8125998902819332
297,10.925925925925926,231.7991997508665,142.98017577552244,0.809601751578001
298,10.945945945945946,230.6145990417532,141.64085116276982,0.8079120870649521
299,10.965965965965966,231.62572423767796,142.06890052759337,0.8073771928137289
300,10.985985985985986,231.25925768384724,141.99394299539182,0.8077931864978708
301,11.006006006006006,228.34200997815583,140.87524456764828,0.8096788496614897
302,11.026026026026026,228.87963791960607,142.4068184569078,0.8130132061636889
303,11.046046046046046,231.4945872102465,141.11160709847303,0.8049360757116453
304,11.066066066066066,231.2207405308669,140.40296052300943,0.8034185782639505
305,11.086086086086086,229.9581968120717,141.56770086076745,0.8088317513738156
306,11.106106106106106,230.23465476661755,140.00555331520962,0.8039857646589605
307,11.126126126126126,232.55532979157684,140.80537612687326,0.8022784379233692
308,11.146146146146146,228.81685722232837,140.6415914954179,0.8082060963214672
309,11.166166166166166,231.09419476234007,141.61046189754552,0.8070088694310797
310,11.186186186186186,229.5956146951322,140.87345919798574,0.8075163474986069
311,11.206206206206206,229.5646375935456,140.2482659196681,0.8058167777467663
312,11.226226226226226,232.1975537039744,140.96592686646522,0.8033342237158889
313,11.246246246246246,231.65083269797609,141.41357008568392,0.8055125470858597
314,11.266266266266266,231.6270192720013,140.4567076072781,0.8028775955066767
315,11.286286286286286,232.61095761430863,139.7851160034231,0.7993184471818877
316,11.306306306306306,230.04200768326552,138.33912308496716,0.7995971059473778
317,11.326326326326326,231.36390594258992,138.46236998083532,0.7976900794684774
318,11.346346346346346,229.3794664868131,139.09911020978635,0.8028926105905779
319,11.366366366366366,230.6483327049769,138.67199948556794,0.7995069036222421
320,11.386386386386386,229.73971389126464,138.9720412302701,0.8019140584940347
321,11.406406406406406,230.19399192998543,139.0934859530063,0.8014798351367315
322,11.426426426426428,231.19031405087384,139.444673512756,0.800771624431883
323,11.446446446446448,228.36355863353305,138.72294654083657,0.8035746681226582
324,11.466466466466468,234.1847745513709,139.1587299567856,0.7948914409176454
325,11.486486486486488,227.9879652370006,138.61580276728495,0.8039188495587584
326,11.506506506506508,227.57162277442453,136.45527749142929,0.7984487078660528
327,11.526526526526528,232.31622174700013,137.37113866379755,0.7929534529367136
328,11.546546546546548,231.58332538792587,138.04642943330953,0.796130986954859
329,11.566566566566568,231.24823963410432,136.86117675450387,0.7933035805185408
330,11.586586586586588,231.25669101852856,138.5514649660672,0.7981262156934577
331,11.606606606606608,229.97550645430616,139.36326069919855,0.8026175891366978
332,11.626626626626628,228.20549125702837,138.93255291110873,0.8044424940410251
333,11.646646646646648,230.15160911638745,137.3819356205324,0.7966733408558662
334,11.666666666666668,228.64567657697577,138.96799698552513,0.803783635802227
335,11.686686686686688,231.9502394668355,137.50813428180192,0.793967527722745
336,11.706706706706708,229.70588523699573,136.904879149492,0.796066483773044
337,11.726726726726728,228.34900560641495,136.51136178230152,0.7972668120054274
338,11.746746746746748,229.357228316694,136.70539383064894,0.7960904516167037
339,11.766766766766768,230.82586290855124,136.50308424043692,0.7929915934509113
340,11.786786786786788,228.87255089439205,136.9453720258114,0.7976152187655823
341,11.806806806806808,228.35555920886716,136.8195204711584,0.7981440547274807
342,11.826826826826828,230.48737442298383,136.54627788621832,0.7936945566294538
343,11.846846846846848,230.48993314221744,136.86474885553395,0.7946081997193541
344,11.866866866866868,228.98611364925773,137.5033279859032,0.7990220116285631
345,11.886886886886888,229.05792338876336,137.14739784663576,0.7978770872170273
346,11.906906906906908,230.4640998747153,134.59839749395871,0.7880724052382868
347,11.926926926926928,227.10383131700536,133.41511461343742,0.7903807155700548
348,11.946946946946948,227.1850724512469,136.78938327094335,0.8000823023269077
349,11.966966966966968,228.56311155749512,134.3744983958883,0.7906802769139549
350,11.986986986986988,229.5731056965763,135.40321035507714,0.7919480816372666
351,12.007007007007008,230.621815131196,134.34474513345205,0.7870595048444338
352,12.027027027027028,232.9507124338991,133.6000426830829,0.7809096072315771
353,12.047047047047048,231.71531924640405,135.83093219423714,0.7895308412694579
354,12.067067067067068,229.68012294007315,135.93635118835243,0.7933129826502221
355,12.087087087087088,229.9619675841946,134.48869124519007,0.7886106058110118
356,12.107107107107108,227.9949412707244,132.36244287341086,0.7857159355947623
357,12.127127127127128,229.9629737280152,134.29580099130763,0.7880432897699308
358,12.147147147147148,229.4226827221597,135.12268533254715,0.7913891091641684
359,12.167167167167168,230.64543712067615,133.14108012532247,0.7834726041872222
360,12.187187187187188,228.34553811289533,134.69273533250632,0.7919877251987035
361,12.207207207207208,231.0386930284824,134.38372151265008,0.7864621374050802
362,12.227227227227228,233.06547782600515,134.86824992620018,0.784438553761761
363,12.247247247247248,229.7824797030863,134.29873586706458,0.7883613172553242
364,12.267267267267268,230.80342344419788,133.0965525350247,0.7830709599277303
365,12.287287287287288,231.38028798342225,135.15692676424726,0.7881407708682687
366,12.307307307307308,229.19755905622836,133.69282619611073,0.7875837977542006
367,12.327327327327328,230.44818496362083,133.71531737271425,0.7855057030392953
368,12.347347347347348,230.0251848015636,132.70088465557265,0.7832287233761733
369,12.367367367367368,230.1953521970977,133.0826645541203,0.7840694048913799
370,12.387387387387388,228.45398043228903,132.5332007051655,0.785431380230928
371,12.407407407407408,230.0490203485179,133.13737533735164,0.7844819534845013
372,12.427427427427428,230.9959965824909,134.91460816666304,0.7880886629850432
373,12.447447447447448,232.9022872155901,131.72383609688913,0.7754182819394697
374,12.467467467467468,231.9185416521704,131.37527161807614,0.7760421319522346
375,12.487487487487488,234.30636491502312,134.35335630703491,0.7808387236395735
376,12.507507507507508,228.4653048742239,132.56647142385998,0.7855107592265226
377,12.527527527527528,231.74464127344132,132.00058661789177,0.7782089277914911
378,12.547547547547548,230.3666840114767,133.6036824154636,0.7853159635780522
379,12.567567567567568,234.37960586643536,131.85253366340797,0.773311416562635
380,12.587587587587588,228.3834034292897,134.17878248855382,0.7904158610979979
381,12.607607607607608,228.32055631563844,132.9255733138139,0.786826520694505
382,12.627627627627628,228.80121470911195,131.65486080178115,0.7822126023113041
383,12.647647647647648,225.7522085513804,134.19545430052568,0.79503117248346
384,12.667667667667668,228.94848995663847,131.32805316684696,0.7809796276920707
385,12.687687687687689,228.4817346768926,132.57173261052208,0.785498060577544
386,12.707707707707709,230.3007875729524,132.02504513987083,0.780744781932456
387,12.727727727727729,230.68351195155432,132.9238543736838,0.782764098745443
388,12.747747747747749,233.75234167843175,133.08022904660675,0.7780196590943949
389,12.767767767767769,231.9008476763721,131.4475700475075,0.7762889995688443
390,12.787787787787789,228.8461926886752,130.55923840706728,0.778842048100556
391,12.807807807807809,228.20317065730327,131.66996018239064,0.7832891541523705
392,12.827827827827829,230.98383834301305,130.42984487263692,0.7747874512972887
393,12.847847847847849,227.35953358595876,133.01875919672614,0.78876483205063
394,12.867867867867869,233.6629175317087,131.03995755904373,0.7720821970152222
395,12.887887887887889,232.35888024144256,130.43638860050805,0.7724683198568245
396,12.907907907907909,229.06164869579055,130.884915104822,0.7794529750425013
397,12.927927927927929,226.57373094181824,129.25186896302043,0.7788088012156903
398,12.947947947947949,232.70774474833084,129.5263765622303,0.7691182213460538
399,12.967967967967969,229.7709203094948,131.59763384454482,0.7803746811132811
400,12.987987987987989,232.4756326239469,129.63978807912247,0.7698563594248663
401,13.008008008008009,226.81114468241125,129.14946598536585,0.7780837689986333
402,13.028028028028029,228.80124995409244,130.63295562664297,0.7791418817158161
403,13.048048048048049,230.0104873994364,131.182163343408,0.7787179510402662
404,13.068068068068069,230.0939611875295,130.61579833980912,0.7768699522893756
405,13.088088088088089,229.0998690570415,130.79350720305496,0.7791119242255227
406,13.108108108108109,231.24569986469496,128.94150669112267,0.7698184323233459
407,13.128128128128129,227.8647591412348,128.17756028102622,0.7732807270001987
408,13.148148148148149,229.7152410299574,131.00199980935898,0.7786825315789871
409,13.168168168168169,230.2405912634238,129.07950671028237,0.7719564872232322
410,13.188188188188189,231.0288776681175,129.05309825157028,0.7705289836815127
411,13.208208208208209,231.4232297561778,130.53409360558646,0.7743533886862989
412,13.228228228228229,227.75071581632423,129.6643202997988,0.7780225334035739
413,13.248248248248249,226.9317716585288,129.46639067870206,0.7788400704598785
414,13.268268268268269,232.55535364379705,131.07813882036334,0.7740693074981387
415,13.288288288288287,230.6646280239592,128.17247193401636,0.7684525587517704
416,13.308308308308307,228.5030269268869,129.64690327336237,0.7766700611162685
417,13.328328328328327,233.10230395104503,128.6793677192265,0.7658652880178519
418,13.348348348348347,230.2313492685857,128.7944559709438,0.7711011174990308
419,13.368368368368367,232.35859436812763,129.9580580497832,0.7710210534947035
420,13.388388388388387,230.1350369628202,128.84136733359333,0.7714095058451724
421,13.408408408408407,234.121495849764,128.77598482627232,0.7644418454160541
422,13.428428428428427,233.5106816848864,129.21456766799136,0.7668111040933548
423,13.448448448448447,229.50207170304185,127.68169279987372,0.7689318867716814
424,13.468468468468467,231.94314190190872,127.1122338819798,0.7630011522153002
425,13.488488488488487,231.2907518991703,126.8116444063848,0.7631781349121608
426,13.508508508508507,232.7372631150647,125.79531830741858,0.7575503660182671
427,13.528528528528527,228.07015307883975,129.7233137866143,0.7776494632940312
428,13.548548548548547,231.37210291999688,126.46953973655602,0.7619750376519474
429,13.568568568568567,232.1168489736992,127.25734483627164,0.7631557457215753
430,13.588588588588587,226.48252102715375,127.10784365976724,0.7723759222348207
431,13.608608608608607,227.63348297466845,127.598329533691,0.7718960930498541
432,13.62862862862863,225.9215356444798,128.01313253922055,0.7761498710074344
433,13.64864864864865,229.4611863311109,127.96454716247318,0.7698741032855191
434,13.66866866866867,231.43508451159192,126.42787968555572,0.7617379551551748
435,13.68868868868869,233.0047141041921,126.75092321273596,0.7600799841077852
436,13.70870870870871,230.14818956083957,127.1079162854382,0.7660491968070137
437,13.72872872872873,233.2572310911426,126.4841394806778,0.7588228558441776
438,13.74874874874875,227.2397970835702,128.24787257951652,0.7745791135745721
439,13.76876876876877,226.5932351212897,127.03939974149446,0.7719710848558733
440,13.78878878878879,229.8889046022068,127.19140102072735,0.7667521371131895
441,13.80880880880881,230.76813089787865,127.02770287907713,0.7647403893160771
442,13.82882882882883,229.93461050381185,127.44679305067493,0.7674642600577648
443,13.84884884884885,225.86511579992023,126.36303682152176,0.771135764064939
444,13.86886886886887,229.8217599209744,124.79407715477996,0.7593689755027223
445,13.88888888888889,227.3910609989903,126.39968795175264,0.7685966983767778
446,13.90890890890891,231.33934509766007,125.25793035146889,0.7582374005651689
447,13.92892892892893,230.73319649219368,125.29015345098796,0.759372632840989
448,13.94894894894895,228.1202404273453,126.31481197895258,0.767070367871235
449,13.96896896896897,228.9722661653266,126.87660310036377,0.7673500190445297
450,13.98898898898899,227.8815729562221,125.56965722046296,0.7651513248598234
451,14.00900900900901,229.87464180545365,125.76747712545657,0.7623401069793552
452,14.02902902902903,231.91028464100248,127.07130969268331,0.7629300889722249
453,14.04904904904905,228.0285479073289,125.52049004394694,0.7647429230635014
454,14.06906906906907,231.00809303103568,127.7922528948408,0.766695509541398
455,14.08908908908909,228.9394847632551,125.66710246424792,0.7636318492070827
456,14.10910910910911,228.4142543354753,123.2520425445011,0.7568901361004085
457,14.12912912912913,229.78593928009087,125.67754818556436,0.762210322262353
458,14.14914914914915,227.92951535516124,125.21695431791136,0.7639600151562458
459,14.16916916916917,228.89270138930564,126.03732549875396,0.7648716146151381
460,14.18918918918919,227.6042442148223,125.33271768924932,0.7648869187108895
461,14.20920920920921,233.9294502658328,124.4332300708237,0.7512468176772722
462,14.22922922922923,230.07052710394345,123.25972300396263,0.7540675708728373
463,14.24924924924925,228.60054898401484,124.18751798534504,0.7595484984819607
464,14.26926926926927,230.42795982146845,123.45872495925468,0.7540915369622816
465,14.28928928928929,229.77534390061837,123.64160965764648,0.7557924978457524
466,14.30930930930931,229.5580608009336,124.7237820868747,0.7595993528266083
467,14.32932932932933,231.22833340008685,125.71836100382666,0.759872413032379
468,14.34934934934935,231.5150154200946,124.3565624524616,0.7550923007918406
469,14.36936936936937,228.93899770477896,122.6796232571348,0.7541514628270181
470,14.38938938938939,228.84836351871064,124.23390472759776,0.759268708413108
471,14.40940940940941,229.44989660569672,124.89990900327844,0.7603411532449664
472,14.42942942942943,225.3961576705288,123.00764916303152,0.7613495592042636
473,14.44944944944945,226.9696178756029,123.3977479242994,0.759855940421835
474,14.46946946946947,232.73374853488903,123.46096416467272,0.7501750591974451
475,14.48948948948949,233.28993542700255,122.57606577661632,0.74639984793521
476,14.50950950950951,229.50192792088723,123.92410927248416,0.7571610262961035
477,14.52952952952953,231.15311392611156,123.06992145951445,0.7516103999311765
478,14.54954954954955,230.62250030908703,123.525618236337,0.7539724425480421
479,14.56956956956957,236.15776161691048,122.13398461096116,0.7401613651578447
480,14.58958958958959,232.2391498228692,122.49958369689452,0.7479328478531218
481,14.60960960960961,229.74416481703847,123.57516217859586,0.7556341385842
482,14.62962962962963,228.08891911879917,122.39585951315648,0.7547048500720923
483,14.64964964964965,226.78710735948485,124.41174079056928,0.7633978436516057
484,14.66966966966967,230.40692727173445,122.20139686891925,0.750093703285331
485,14.68968968968969,228.48729850943135,122.742145150905,0.7551305019927009
486,14.70970970970971,227.15549258080463,123.36664930016872,0.7594340328066356
487,14.72972972972973,228.7068542315149,120.93246087090404,0.7488987669274645
488,14.74974974974975,227.8369039927712,120.5069554424292,0.7490115831920836
489,14.76976976976977,233.37428327014516,120.65921453081688,0.7400463058827857
490,14.78978978978979,231.7632795138989,123.36472990829124,0.751514409169505
491,14.80980980980981,229.9840547173668,121.46773041775154,0.7484446121595003
492,14.82982982982983,232.95988827778004,124.49539784088807,0.7530803090359801
493,14.84984984984985,230.15473661529523,121.2907276171013,0.7475776178558534
494,14.86986986986987,228.27743159734348,121.95746928728248,0.7529653259725002
495,14.88988988988989,233.0462481545393,123.23313625423458,0.7489184347061733
496,14.90990990990991,231.0778200873693,123.61539250075396,0.753481494081108
497,14.92992992992993,227.9255076913471,123.58924094020848,0.7588108600986315
498,14.94994994994995,229.6193226438328,122.65470523448798,0.752902132746485
499,14.96996996996997,228.24876349323048,122.3891665112495,0.7544072378520673
500,14.98998998998999,227.23440053807133,121.8765587118409,0.754508464022319
501,15.01001001001001,231.85235509506327,121.98148286865217,0.7469195164198096
502,15.03003003003003,233.81883328094025,120.57118781816496,0.7390087810051804
503,15.05005005005005,227.20286485236173,120.22358756727655,0.7491820197396556
504,15.07007007007007,231.12593847338115,120.9579855482281,0.7448357138781272
505,15.09009009009009,228.69871486175637,120.71090904381376,0.7481901919689389
506,15.11011011011011,229.02574923247064,120.34775885296752,0.7464397896987176
507,15.13013013013013,228.81521215152227,121.41742663291876,0.7502892334567974
508,15.15015015015015,228.2720184606404,121.59655519880864,0.7518067699198684
509,15.17017017017017,230.09704325588964,120.65002567974118,0.7455893024636246
510,15.19019019019019,228.33809976717797,121.95967515539124,0.7528677388196364
511,15.21021021021021,230.5409136515597,119.26113920040476,0.7402672014069338
512,15.23023023023023,229.8995237811017,120.13000853880224,0.7442255811165273
513,15.25025025025025,229.5221039062672,119.52784129076156,0.7428927719116758
514,15.27027027027027,228.1848726759168,118.29927802606728,0.7411240283043377
515,15.29029029029029,228.84645733886333,120.00443989866557,0.7456226390266578
516,15.31031031031031,231.51078245165152,119.88683342051324,0.7406749020416303
517,15.33033033033033,231.0018343752488,121.4436449152916,0.7466264078762967
518,15.35035035035035,228.0448895104029,120.48277449656884,0.748572936840532
519,15.37037037037037,230.1986646108585,118.74969652479712,0.7391590936763057
520,15.39039039039039,231.5027742467436,121.55004885233204,0.7461178953895102
521,15.41041041041041,226.6611894377573,120.839214823028,0.7521353623474518
522,15.43043043043043,231.08672038475987,120.12265508423236,0.7421717548722966
523,15.45045045045045,228.67475248210832,119.23660045629032,0.7433889270232279
524,15.47047047047047,231.14119733718636,118.42632292549057,0.7364743575579134
525,15.49049049049049,228.47348168691497,118.93638293970628,0.7427424820061617
526,15.51051051051051,226.39023579867097,120.32031535152358,0.7509109061762177
527,15.53053053053053,226.74491512423367,121.03927903444848,0.7526417094786795
528,15.55055055055055,230.09616989332275,120.62121075447848,0.7454966723207881
529,15.57057057057057,230.51944500344297,118.51254032561508,0.7378225733194137
530,15.59059059059059,228.1913667497912,117.80534238346154,0.7394640303187422
531,15.61061061061061,231.27718491755476,118.9895632079508,0.7381123278670699
532,15.63063063063063,226.67695987546207,117.00410134361356,0.7393986361397729
533,15.65065065065065,229.86784040270533,119.01971830636336,0.7406208555455656
534,15.67067067067067,227.5779676004751,118.4731035568628,0.7427521219600588
535,15.69069069069069,228.6963277843957,118.0789703954578,0.739507212096068
536,15.71071071071071,230.09479734263283,116.87474932468017,0.733065388214935
537,15.73073073073073,228.2791732694321,118.90764227293032,0.7429825258613336
538,15.75075075075075,229.23088891154035,117.7860749222916,0.7376084975497526
539,15.77077077077077,232.0125856184289,117.07373588644002,0.730464911920706
540,15.79079079079079,228.8462162609537,115.29641037912076,0.7298516382575176
541,15.81081081081081,231.6713842241303,118.06632001512564,0.734371760060404
542,15.83083083083083,227.7405862906848,119.79139085161177,0.7468312987668256
543,15.85085085085085,231.05960835583056,119.60584436270982,0.740518927499125
544,15.87087087087087,232.8831372413158,117.41307589669306,0.7301296303790712
545,15.89089089089089,225.05671099974543,117.19368776534536,0.7428634575243243
546,15.91091091091091,228.40620948905905,118.19054197889184,0.7403796006385941
547,15.93093093093093,231.15414425436109,116.64938996473904,0.7304947231627207
548,15.95095095095095,229.59390922791405,117.87571433011354,0.7372847162515137
549,15.97097097097097,230.7422917467426,118.26628864348262,0.7366221496683029
550,15.99099099099099,228.7920296265684,118.65356599731882,0.7412552876589988
551,16.01101101101101,230.1731795749458,117.25304114582332,0.7342045915548296
552,16.03103103103103,229.68864552921585,117.07622153042,0.7344403003110485
553,16.05105105105105,232.3355641233196,116.3287499323342,0.727401129792909
554,16.07107107107107,230.50884168660244,116.30682615639206,0.7304374033830175
555,16.09109109109109,230.6752053241504,116.83433793722776,0.7319363454126792
556,16.11111111111111,229.17624606775507,117.35542855835884,0.7362590359952801
557,16.13113113113113,229.024787551855,117.82902938210604,0.7381066418038416
558,16.15115115115115,229.13488362436075,116.03978257147044,0.7318874464079452
559,16.17117117117117,230.7889042847566,118.26330150118766,0.7365325989877802
560,16.19119119119119,229.15803103835947,116.42727496872388,0.7331613487880009
561,16.21121121121121,230.57954971379283,116.60495072587902,0.731325340233504
562,16.23123123123123,234.1508015972909,115.8071591917152,0.7225634069651332
563,16.25125125125125,231.74224940686335,114.05831645043222,0.7206415860775248
564,16.27127127127127,229.34795293566432,117.29492052691724,0.7357606693157941
565,16.29129129129129,232.4024278443279,117.0761696200715,0.7298115276210071
566,16.31131131131131,229.1838492539569,115.9865805251692,0.7316225322845498
567,16.33133133133133,225.92375092964429,116.26361252176096,0.7382083685171614
568,16.35135135135135,227.9838273781652,116.64140570521558,0.7359098108147619
569,16.37137137137137,226.2584161579483,114.4918958738354,0.7315737782831937
570,16.39139139139139,229.2969730319174,115.45449445804212,0.7296161515375645
571,16.41141141141141,230.0368367583791,116.70704698405687,0.7325988203120096
572,16.43143143143143,233.35287462455057,114.58785741931044,0.7197375813638066
573,16.45145145145145,230.65385474752836,116.0651982879914,0.7293700540488083
574,16.47147147147147,229.56179894238227,114.34468064782456,0.7253549989728522
575,16.49149149149149,231.658811162367,116.09744272442674,0.7277663107653631
576,16.51151151151151,225.57772938198423,115.52524935346398,0.7363017832825864
577,16.53153153153153,230.47122911621716,113.87576453079612,0.72217762050427
578,16.55155155155155,231.54173038777392,116.58576824385894,0.729619546803389
579,16.57157157157157,227.04282750844035,114.616696503282,0.7306392779834101
580,16.59159159159159,232.28750808641385,114.47142109956152,0.7211401663216641
581,16.61161161161161,230.67699281498884,115.41275407557224,0.727109098977899
582,16.63163163163163,229.1694241721984,116.29145907586066,0.7326818013889984
583,16.65165165165165,231.26556373221257,114.0577618845202,0.721451081235253
584,16.67167167167167,234.5413857156088,115.06615028362644,0.7193770418875781
585,16.69169169169169,230.363732510117,115.3642980434173,0.7274791209721619
586,16.71171171171171,230.49644117260067,115.55972226607098,0.7279191427550056
587,16.73173173173173,229.0812782009195,114.97431696516446,0.7283446753884835
588,16.75175175175175,228.3003112610704,114.36222958773956,0.7275869060236677
589,16.77177177177177,231.6606716330885,113.83317212100816,0.7200017006463844
590,16.79179179179179,228.28783234818223,114.67853367101372,0.7286968481933749
591,16.81181181181181,230.1431324744388,113.4520003888743,0.7212698457329656
592,16.83183183183183,229.04468510646976,111.53466033346524,0.7164385662169734
593,16.85185185185185,230.9579596514928,114.82456347856132,0.7246159692692524
594,16.87187187187187,230.6673242105739,115.22405245391744,0.7264807877564508
595,16.89189189189189,232.0750798885158,111.8894198378359,0.7125104704980918
596,16.91191191191191,228.9799672022905,113.17497659395558,0.7223031426234732
597,16.93193193193193,229.46025012941325,114.73633659380162,0.7268768068707179
598,16.95195195195195,228.0424725684354,116.10727249105554,0.7339997836847093
599,16.97197197197197,229.11141347984776,114.00328471902014,0.7249505798066973
600,16.99199199199199,230.7546009860897,113.18732101006304,0.7193038311445508
601,17.01201201201201,231.51397723329072,113.66537905002248,0.7196700233104062
602,17.03203203203203,228.15566935164475,115.1562217013802,0.7305630972839967
603,17.05205205205205,231.7392118402113,113.06856879829648,0.7172123129893271
604,17.07207207207207,232.7112757176099,112.84864622428418,0.7147955941870432
605,17.09209209209209,230.8268698064474,113.09851717624836,0.7188711416212242
606,17.11211211211211,233.75359162511612,112.5614714287185,0.7120304335009305
607,17.13213213213213,228.45242160179285,113.57112622104124,0.7245890183581518
608,17.15215215215215,227.5106905933772,115.00690642097462,0.731167376573754
609,17.17217217217217,226.44255950219144,113.63919514372448,0.7283073404262888
610,17.19219219219219,232.9920886229784,112.99776578986676,0.7148407407002173
611,17.21221221221221,231.3087313127081,112.8924266217534,0.7173306447356875
612,17.23223223223223,229.8888306581791,111.55528052331628,0.7150617564490466
613,17.25225225225225,230.55993725263963,113.93592905990845,0.7222341176436347
614,17.27227227227227,227.74902190540325,112.90944421398976,0.7235016145844085
615,17.29229229229229,234.8915039592337,112.74137747258014,0.7107461097772814
616,17.31231231231231,230.25844236395045,116.04965444688304,0.7299934044090834
617,17.33233233233233,230.2187895892098,113.09010247007406,0.7198812969615609
618,17.35235235235235,231.45153324779736,111.97447405751429,0.7138701190506325
619,17.37237237237237,230.9620184634734,112.23493559528156,0.7156199990737002
620,17.39239239239239,230.44776804855823,113.74487919859452,0.7217645508120661
621,17.41241241241241,228.4190510891094,112.64495608923956,0.721419823632652
622,17.43243243243243,230.942936714272,111.02877145973947,0.7113947154287682
623,17.45245245245245,233.76404899295008,113.3217533819863,0.7146655123488161
624,17.47247247247247,232.69084009231,111.66996630245752,0.7106926381330135
625,17.49249249249249,233.1863732532788,114.14710471853998,0.7185001953998879
626,17.51251251251251,228.9775686471376,113.28966185988348,0.7227063911971441
627,17.53253253253253,228.02079035948285,111.6982087329211,0.7187815057204887
628,17.55255255255255,229.74842615980072,113.36257349359244,0.7216355267844379
629,17.57257257257257,230.1114498245774,112.08554850208164,0.716549049227966
630,17.59259259259259,232.1883830369419,112.80671157159068,0.7155355748339347
631,17.61261261261261,226.6150707405704,112.37502435393073,0.7235989396838287
632,17.63263263263263,233.0591006389212,110.98039694833514,0.7076285614426803
633,17.65265265265265,229.68398420284203,111.11977395671444,0.7138716317321112
634,17.67267267267267,229.1462378601052,112.72996260504895,0.7204645523282884
635,17.69269269269269,227.97579124947967,111.30201196145418,0.7174590384945803
636,17.71271271271271,226.69028665626848,111.1700315402031,0.7192198139716824
637,17.73273273273273,231.64634116792385,110.55555703510689,0.7085131752808349
638,17.75275275275275,230.1466359343768,111.8713848907179,0.7157351328790045
639,17.772772772772772,227.42007820051788,113.44752325441212,0.7259446673591988
640,17.792792792792792,227.4098424558728,110.25478393123768,0.7147132585258369
641,17.812812812812812,229.3284306014197,111.28396051484508,0.7150639459877018
642,17.832832832832835,233.3380430505788,112.6094912318754,0.7128996688028703
643,17.852852852852855,229.4808172972728,111.05526401352422,0.7139915172560777
644,17.872872872872875,226.9937140937638,111.52501674492603,0.7199490181446213
645,17.892892892892895,229.5085138718281,109.94809548675956,0.7099956106473726
646,17.912912912912915,229.45455286050463,111.37674440854306,0.7151757019543494
647,17.932932932932935,224.60622671411684,110.6993452819753,0.7211873865749119
648,17.952952952952955,229.8914102669644,111.81037542767233,0.71595741774401
649,17.972972972972975,229.53813093958263,111.95029072922108,0.7170562598865438
650,17.992992992992995,231.39241272962684,113.29083063839772,0.7185763362451011
651,18.013013013013015,233.6979121898907,111.21936527490116,0.707397520620143
652,18.03303303303304,232.25313005909555,110.90409602480412,0.7087226666305233
653,18.053053053053056,229.46222261889037,110.71135383330764,0.7128012381551662
654,18.07307307307308,227.78694818251665,110.10257499625234,0.7135159474250613
655,18.093093093093096,235.1467196064997,110.73309854162912,0.7032353836445918
656,18.11311311311312,230.11843686802897,110.03818806794324,0.7092725348877587
657,18.133133133133136,230.0278585838259,110.44112632520186,0.7108680258536373
658,18.15315315315316,229.95174982578,111.52943956753064,0.7148626255834625
659,18.173173173173176,230.3961695215357,109.14457668405448,0.7055839914351185
660,18.1931931931932,229.7112791761521,111.23037528564606,0.7142168356942897
661,18.213213213213216,228.85267598623952,111.34708924922636,0.7161057832770332
662,18.23323323323324,228.90628211751925,109.85148281992592,0.7106845756485993
663,18.253253253253256,229.934493459568,107.78737304712853,0.7014435463109199
664,18.27327327327328,228.91315045773248,109.24118172002991,0.7084773477853383
665,18.293293293293296,228.57430843464567,111.08587290506112,0.7156598526428537
666,18.31331331331332,230.2128604553838,109.70598356762508,0.7079193966317838
667,18.333333333333336,229.49004556515828,108.66962101979472,0.7054183007781555
668,18.35335335335336,233.0079859771654,109.10431803549072,0.7009965521458419
669,18.373373373373376,224.698060383214,110.38998050306172,0.7199234910592678
670,18.3933933933934,232.1830137038449,110.03645911356932,0.7057466426002317
671,18.413413413413416,232.4921703849953,109.1912557987587,0.7021837468132792
672,18.43343343343344,225.8532195351837,109.00392285820936,0.7129236203656797
673,18.453453453453456,229.3146248118393,108.91964524940012,0.7066252475655308
674,18.47347347347348,229.2571182680084,108.32974583647731,0.704584063341398
675,18.493493493493496,227.18497661056435,110.80838056587052,0.7170767793358408
676,18.51351351351352,228.44436662481823,108.81162923527882,0.7077325932397934
677,18.533533533533536,227.77884830906837,110.29214876682305,0.7142078735717223
678,18.55355355355356,233.50454088684725,110.53744229457956,0.7053001439109976
679,18.573573573573576,231.8713567862949,109.9556683353252,0.7059865109528558
680,18.5935935935936,232.5431101899883,108.46706326051827,0.6994751454314385
681,18.613613613613616,231.4433441280865,109.24383448581438,0.7041551917152642
682,18.63363363363364,227.74189645756556,108.75742404311468,0.7087498597056202
683,18.653653653653656,228.95095946744044,107.8195272211495,0.7032502892049683
684,18.67367367367368,230.97874912245584,108.98929172183256,0.7040277661068302
685,18.693693693693696,227.5557443822161,107.42768968149758,0.7042243266621241
686,18.71371371371372,231.4259968603448,109.73629931738029,0.7059571556062438
687,18.733733733733736,229.51934920368373,108.02598626193408,0.7030270597705581
688,18.75375375375376,229.2503583849008,108.63383977074189,0.7057003164567762
689,18.773773773773776,231.421919936407,108.65813721957372,0.7020732605458209
690,18.7937937937938,230.88852662297208,108.0582060381273,0.7008008039725409
691,18.813813813813816,229.27806766836184,108.84615866179855,0.7064221144973396
692,18.83383383383384,232.3186596067285,107.72700699183912,0.697157818085095
693,18.853853853853856,227.83787334480024,109.01574542957285,0.7095186991733529
694,18.87387387387388,231.23187121388847,106.7410973878142,0.6953825275726484
695,18.893893893893896,231.1862025159368,108.1561767935221,0.7006501946759682
696,18.91391391391392,229.380907121372,109.91153732749422,0.7100837216845678
697,18.933933933933936,230.65226604448424,106.91517884630572,0.6970136742935621
698,18.95395395395396,227.49777284722936,107.18075753123608,0.7034178957357593
699,18.973973973973976,231.8480540384138,108.31549293188807,0.7001036965953825
700,18.993993993994,229.63019572711403,107.92433945638103,0.7024658236949841
701,19.014014014014016,228.95455395896192,108.03865014067352,0.704044151327897
702,19.03403403403404,232.09801845167377,108.12055907712724,0.698969238670176
703,19.054054054054056,228.5913126189145,108.20953462448556,0.7052926373504149
704,19.07407407407408,227.1830774072729,108.62804327579678,0.7092489100271059
705,19.094094094094096,226.8867416529522,107.87178120412663,0.7070102130742955
706,19.11411411411412,231.21201990269128,107.16441260870263,0.6969760539527157
707,19.134134134134136,227.43914129500743,108.02204005158936,0.7066004791723113
708,19.15415415415416,233.50958836396876,109.19323251231488,0.7004701630628978
709,19.174174174174176,225.83614118423256,107.10468896790724,0.7060269073664984
710,19.1941941941942,233.3929127365801,106.20685322703623,0.6897395316752851
711,19.214214214214216,230.42203493440525,108.23261047050408,0.702233285964207
712,19.23423423423424,229.80657377625923,106.94938313124555,0.6985872247618203
713,19.254254254254256,228.9101618263821,104.84141624084629,0.6922828156138573
714,19.27427427427428,230.79827222870412,107.805915727383,0.700033751526032
715,19.294294294294296,229.9247305951503,106.36766067421476,0.696235408472393
716,19.31431431431432,232.20660376403305,106.75703671003436,0.6937837243733098
717,19.334334334334336,230.22845529732407,107.12421755379415,0.698508126934087
718,19.35435435435436,230.30060352292372,106.9274900099001,0.6976603137946171
719,19.374374374374376,229.2727755755723,107.39128090826333,0.7011284840047076
720,19.3943943943944,229.88610875255787,106.19126691456508,0.6956475723581033
721,19.414414414414416,230.61560353778407,107.08486849002736,0.6977012567426316
722,19.43443443443444,226.57966321468675,106.25731041418209,0.7016015468146104
723,19.454454454454456,227.30362915578857,107.2008467470502,0.7038281824506216
724,19.47447447447448,231.48652818804544,107.0226674811251,0.6959869063464978
725,19.494494494494496,230.3417308762559,105.41720936542372,0.6919843671207409
726,19.51451451451452,229.63203332729464,107.3840623770406,0.7004850016458131
727,19.534534534534536,230.0368678661308,105.70763291660022,0.6935904174899898
728,19.55455455455456,230.69516341072332,106.9972539534787,0.6972427854413662
729,19.574574574574577,228.92048063938128,106.50216674066904,0.6984583407745835
730,19.5945945945946,228.44339054919536,107.9188296414378,0.7044876415004762
731,19.614614614614617,230.39169051019536,105.80302957243067,0.6933385233789848
732,19.63463463463464,228.04325444476996,105.62311118986769,0.6967052462621943
733,19.654654654654657,230.81650551142891,105.89902344129884,0.6929699524748905
734,19.67467467467468,226.5948327915243,105.56136074531577,0.6989856871641423
735,19.694694694694697,232.0583112746513,106.61066212131207,0.693494790980528
736,19.71471471471472,230.94519496482607,104.14067130364845,0.6861523169885393
737,19.734734734734737,230.5120594686277,104.64964297912869,0.6888133126228693
738,19.75475475475476,231.96538196789103,104.58194754907872,0.6860816390211029
739,19.774774774774777,233.33094888892515,106.54656451466,0.6911026014449388
740,19.7947947947948,232.02874013003623,107.2534579211264,0.6959138372695022
741,19.814814814814817,226.31825153733672,105.3850639246066,0.6988083027127017
742,19.83483483483484,227.4408460665286,105.26744077893188,0.6964184068137829
743,19.854854854854857,228.75036284460865,105.45314458494909,0.6948506052651418
744,19.87487487487488,230.05218210042167,106.4918810019706,0.6964769671167954
745,19.894894894894897,231.03531804093825,104.3496399983019,0.6867885061616119
746,19.91491491491492,228.54851237369303,105.46243250246356,0.6952331892267007
747,19.934934934934937,230.37353352895417,106.146411290065,0.6946464376319281
748,19.95495495495496,228.48923413529332,105.61953752400994,0.6959220021373668
749,19.974974974974977,228.7769643940161,105.25533401830864,0.6940648961917849
750,19.994994994995,227.18667780630355,106.0141866970864,0.6996445689225667
751,20.015015015015017,228.15353350777815,102.257375471512,0.6837532405738187
752,20.03503503503504,227.29663078876732,105.58602900392238,0.6978591742048437
753,20.055055055055057,228.04825349404533,104.2017024844277,0.6913575355241467
754,20.07507507507508,232.10728359321567,102.97284812122734,0.6797304434201923
755,20.095095095095097,228.10120222233613,105.26246464026732,0.6952573023616997
756,20.11511511511512,235.2647641296748,106.07277958613884,0.6860939008341299
757,20.135135135135137,230.9866358017618,104.50960931027916,0.6874751924197906
758,20.15515515515516,230.36967224738976,105.54794674653463,0.6924249802480877
759,20.175175175175177,228.2832844396376,106.15544222970686,0.6982717473894345
760,20.1951951951952,231.400619758818,105.80624740378636,0.6916285928959309
761,20.215215215215217,228.84872434752444,106.0795434729565,0.6970150399024251
762,20.23523523523524,230.24401962929076,105.13002925240184,0.6910765808347579
763,20.255255255255257,235.1201690765376,104.41173485246108,0.6801165009872501
764,20.27527527527528,229.8078802005507,102.68281129915556,0.6825422611400557
765,20.295295295295297,232.29854665257136,103.98726677711228,0.6832689136254386
766,20.31531531531532,228.59364714974825,103.33871089289472,0.6871390242837782
767,20.335335335335337,229.9300230190061,106.30160431018736,0.6959815404727575
768,20.35535535535536,233.54160127127105,103.9035555796213,0.6808485001010216
769,20.375375375375377,228.74606588442447,104.15150150710508,0.6899636733417013
770,20.3953953953954,233.62489711599383,104.52871270818748,0.6830718411598441
771,20.415415415415417,231.41550387091092,103.96983554919822,0.6847036732294709
772,20.43543543543544,228.87506644821147,105.57036486871394,0.6950736322780295
773,20.455455455455457,231.26481547811105,103.20181996334188,0.6820386345908149
774,20.47547547547548,231.94510889925343,103.96830686562744,0.6837970753967145
775,20.495495495495497,231.2436199244344,102.98053331633682,0.6812288877235279
776,20.51551551551552,226.85955056021908,102.3523601072222,0.6863604232225519
777,20.535535535535537,228.54572564835027,103.0100662877613,0.6859664168223076
778,20.55555555555556,229.504962728897,103.53432520532668,0.6863163998751621
779,20.575575575575577,229.85113314179992,103.0916600853346,0.6840340172332033
780,20.5955955955956,231.24134419510136,102.77821514211811,0.6804578156845744
781,20.615615615615617,230.3554020018665,102.01406579662752,0.6790296838474775
782,20.63563563563564,227.3293112825798,103.28709797425552,0.6891277504799069
783,20.655655655655657,230.76039570201192,101.81537643042938,0.6775692236617461
784,20.67567567567568,231.22117149056768,104.03011882003214,0.6852631479271019
785,20.695695695695697,231.11958089586207,103.3025412793784,0.6826705903403043
786,20.71571571571572,232.16156145110924,101.71266113980832,0.6747859720202345
787,20.735735735735737,231.6678443090978,102.8111869428828,0.6798580730790658
788,20.75575575575576,230.9183601584569,102.31849508852422,0.6792420289512484
789,20.775775775775777,229.85966857708272,103.3401533985194,0.6849680981148256
790,20.7957957957958,226.678078132968,104.31182847477824,0.6941485695836573
791,20.815815815815817,230.8592364382652,101.04667627388278,0.6744140215778518
792,20.83583583583584,230.41537537432623,102.98741693959734,0.6826691800437754
793,20.855855855855857,230.5431576743908,102.6628714125601,0.6812069225734301
794,20.87587587587588,227.4465028483594,103.4450286921922,0.689526739131599
795,20.895895895895897,227.83788691918343,102.93764054128842,0.6869116223501917
796,20.91591591591592,232.1063057066658,101.9233005986411,0.6756950069768476
797,20.935935935935937,229.9208896922867,102.30711256295692,0.6809040677384061
798,20.95595595595596,231.36300139474525,101.78110759243792,0.6764088532180972
799,20.975975975975977,230.0566367522609,103.60417775285508,0.6856360796973238
800,20.995995995996,230.0595122789915,102.50058947492434,0.6814110786430834
801,21.016016016016017,231.876567611952,104.3316456041242,0.6852882793896351
802,21.03603603603604,228.96791054356524,102.32104091049617,0.6825944300198263
803,21.056056056056057,230.192241553882,101.62461131141217,0.6778016177138445
804,21.07607607607608,229.0754494225899,100.77068942259656,0.6763929012848392
805,21.096096096096097,229.13100754513536,100.4327190940666,0.6749734838752184
806,21.11611611611612,229.38165575306272,100.6032468365546,0.6752111756841385
807,21.136136136136138,230.44426754326744,102.40610233037565,0.6803891656243868
808,21.15615615615616,229.04250275667303,102.5993623299486,0.6835365054514
809,21.176176176176178,232.51151225114705,100.46117679711506,0.669313734927256
810,21.1961961961962,228.210785395561,102.88920440878653,0.6860817250878719
811,21.216216216216218,229.62625671167729,101.46297188032058,0.678144436269138
812,21.23623623623624,229.12053788345165,102.04476086214198,0.6812663753277641
813,21.256256256256258,232.89395576870743,103.46219131708187,0.6802653349023828
814,21.27627627627628,230.39310955302315,102.69888060406664,0.6816016757966405
815,21.296296296296298,232.06368907893727,101.48564884108744,0.6740716385248846
816,21.31631631631632,227.02887925392605,100.8151929070244,0.6801033022290033
817,21.336336336336338,230.5341005317385,99.50684265896918,0.6689180966608721
818,21.35635635635636,231.7792615912469,100.89184479560475,0.6722424306798327
819,21.376376376376378,230.16456797855085,101.35227490005268,0.6767915530569101
820,21.3963963963964,232.1309607501307,100.52869944855648,0.6702240003074242
821,21.416416416416418,228.96542309979927,101.33716250205906,0.6787912108159847
822,21.43643643643644,232.8186948803712,101.4978783465032,0.6728391380583005
823,21.456456456456458,234.5977962472385,101.14884382192028,0.6684818563090511
824,21.47647647647648,229.2743228791207,100.67643675422738,0.675682192078922
825,21.496496496496498,229.1089949571985,101.4478995753307,0.6789745738934689
826,21.51651651651652,232.9067689542354,101.67405700459123,0.6733735123303826
827,21.536536536536538,233.15914429146144,100.09465445943572,0.666777311303425
828,21.55655655655656,228.95427994569343,102.54898867603248,0.6834947977916042
829,21.576576576576574,229.1596263658083,100.9925363488084,0.6771147034302308
830,21.5965965965966,229.436430782279,101.06310756258443,0.6769142628469504
831,21.616616616616614,227.31109897793144,101.70567094401694,0.6830791442176493
832,21.63663663663664,228.1626961070316,101.18393620504156,0.6795788895637972
833,21.656656656656654,227.99171846649585,101.85718508241652,0.6824876050836046
834,21.67667667667668,228.4644048697917,101.14456566043415,0.6789047869295378
835,21.696696696696694,229.93063022522645,100.1984616901046,0.6726804492708112
836,21.71671671671672,230.46842946507303,101.12592453350898,0.6753906063958472
837,21.736736736736734,233.10100098562816,99.57428097032616,0.6648215814478082
838,21.75675675675676,228.0032919185224,100.78021713077204,0.6782788532450454
839,21.776776776776774,231.9686447969532,100.59214161239866,0.6707482530068584
840,21.7967967967968,229.57202231154895,100.37103270768502,0.6739736355053956
841,21.816816816816814,229.90107258069517,100.40445365293948,0.6735404108716243
842,21.83683683683684,231.3496389843332,98.6050472099173,0.6639389667215557
843,21.856856856856854,227.7545559568754,99.8921397849034,0.6752210923184733
844,21.87687687687688,230.7648194923681,100.48774123225074,0.6723894199613563
845,21.896896896896894,230.3329044164261,100.50884741831511,0.673210427970931
846,21.91691691691692,230.9849025280163,99.27547349331182,0.6672309404922567
847,21.936936936936934,230.57833728781563,101.52307685216364,0.6767473057095805
848,21.95695695695696,234.91060027982175,99.34547716617416,0.6608676819856779
849,21.976976976976974,228.72452003149735,101.13545470137764,0.6784208870873892
850,21.996996996997,228.9380060899964,100.54759969035572,0.6757560469208415
851,22.017017017017015,228.75371894715047,99.4286480456953,0.6716634244843704
852,22.03703703703704,228.88904576167948,101.80471833332754,0.6807366602247638
853,22.057057057057055,228.72522574538695,98.7903646114152,0.6691746565705572
854,22.07707707707708,232.3780330622151,100.857811396108,0.6710927794255268
855,22.097097097097095,232.8410084959797,100.89395695678336,0.670449651544586
856,22.11711711711712,228.85850741250104,99.17753334330897,0.6704864527071392
857,22.137137137137135,228.33528885379155,101.1954591244265,0.6793257877856058
858,22.15715715715716,230.9428311127728,99.50784880143958,0.6682240347443453
859,22.177177177177175,228.89555391143807,100.00155151850105,0.6736832315058583
860,22.1971971971972,231.265863635511,99.92820324492422,0.669334373471703
861,22.217217217217215,230.4058460417026,99.48865698804089,0.6690653649447089
862,22.23723723723724,226.96851177000556,100.38891899556648,0.6785383558835956
863,22.25725725725726,233.0950104026601,100.32680496893232,0.6677986182810878
864,22.27727727727728,233.59175534619104,97.740050198164,0.6566661778445531
865,22.2972972972973,228.7744226190312,100.74824859874936,0.6768233148038716
866,22.31731731731732,229.224596880128,97.73680267857542,0.6640901255588081
867,22.33733733733734,230.57173078144984,100.38728717321167,0.6723251556426534
868,22.35735735735736,230.6689135799741,100.43695226514616,0.6723540071169279
869,22.37737737737738,231.31708854534563,98.17484658083283,0.6622714036906607
870,22.3973973973974,234.0204090775327,98.8106241956141,0.6602365388981044
871,22.41741741741742,229.6461055450119,98.07141874432224,0.6647129993080236
872,22.43743743743744,228.40340551092308,98.91794663582112,0.6702380848175247
873,22.45745745745746,227.24136154397092,98.78063682704526,0.6717006882051768
874,22.47747747747748,228.53813992011612,99.82419414861062,0.6735995210509468
875,22.4974974974975,229.9337460542524,100.31076379614063,0.6731165278711421
876,22.51751751751752,233.5891157270356,100.3521190920496,0.6670635974188612
877,22.53753753753754,228.96477740192765,98.35030615287558,0.6670028881450832
878,22.55755755755756,230.4475759032778,98.65934974066182,0.6656954334904
879,22.57757757757758,229.9671542078545,97.1412892641028,0.6604072540908209
880,22.5975975975976,232.37678654689617,97.9750715093192,0.6596675645963631
881,22.61761761761762,235.05386485174725,99.70206547698888,0.6620393403757376
882,22.63763763763764,228.93826245415937,100.30912695550975,0.6748198777166984
883,22.65765765765766,229.0211211149636,97.41558343995304,0.6631428255825531
884,22.67767767767768,232.08832175413812,98.01391399655635,0.6603132435963965
885,22.6976976976977,231.36378297925265,98.53647607922962,0.6636407432686245
886,22.71771771771772,233.69341465147207,98.79960408508158,0.6607435945845037
887,22.73773773773774,231.16785637065192,97.66645787939056,0.660479788267184
888,22.75775775775776,229.28141581842587,98.85679817357592,0.6684824828898772
889,22.77777777777778,231.18130966138463,97.9156306427509,0.6614609365819131
890,22.7977977977978,232.21740716116585,98.33180758511172,0.6613701503540146
891,22.81781781781782,231.64096436239475,98.84939085055323,0.6644183409738942
892,22.83783783783784,231.0145480622146,98.26643237462832,0.6631545842145257
893,22.85785785785786,232.1333493791783,97.78058434796628,0.6592975797137521
894,22.87787787787788,232.3385911808913,98.06437707573012,0.660091372718453
895,22.8978978978979,232.76431798207503,98.04269694556072,0.6592828382175606
896,22.91791791791792,231.2974197751793,97.7181781607782,0.660467613216748
897,22.93793793793794,229.6657638393663,97.78657855188509,0.6635330760212123
898,22.95795795795796,230.29342737286663,99.60126322453472,0.6697034514725431
899,22.97797797797798,232.4130179330167,98.52083283499664,0.6617951365528361
900,22.997997997998,228.36612865802556,97.62178617393276,0.665104697414008
901,23.01801801801802,230.7373466177458,98.5716296519644,0.6648497116080647
902,23.03803803803804,229.21332237534529,97.49832004284764,0.6631467969505889
903,23.05805805805806,230.0574896458696,98.96278386443907,0.6675731581357461
904,23.07807807807808,232.5569037252146,98.11687640220488,0.6599321796855604
905,23.0980980980981,230.38219813603985,97.59756221823385,0.6615432770700502
906,23.11811811811812,230.0928730963123,98.11026648989125,0.664103172017755
907,23.13813813813814,227.28028771804017,96.04941354436356,0.6605840951052231
908,23.15815815815816,231.49250713205444,96.45131717163846,0.6549931545577264
909,23.17817817817818,231.29096836228211,96.34200927164666,0.654889533969339
910,23.1981981981982,234.3265094466109,97.6367815856618,0.6550120346739148
911,23.21821821821822,229.384443530094,99.1843121609204,0.6696088323490497
912,23.23823823823824,230.43830065532788,99.64111031853491,0.6696132512133305
913,23.25825825825826,230.49876736742152,98.00592850809812,0.6629893360535124
914,23.27827827827828,233.15490655952692,97.82684322271548,0.6577535955106069
915,23.2982982982983,229.8094089352261,95.48311634527188,0.6538930223982453
916,23.31831831831832,230.55804305154064,96.69972948597476,0.6576007057946367
917,23.33833833833834,231.21579301943308,96.41290249915411,0.6553075008987986
918,23.35835835835836,230.37321824631272,96.53817526201972,0.6572578250806618
919,23.37837837837838,229.10713277089891,96.94926917988036,0.6611040001141361
920,23.3983983983984,230.38817998579665,96.60376597342318,0.6574998804120868
921,23.41841841841842,232.14726349971957,95.05505359367824,0.6481338432322927
922,23.43843843843844,227.94696940117788,97.74081369954295,0.6663088341714964
923,23.45845845845846,230.26593934829376,95.878763529994,0.6547404510341879
924,23.47847847847848,228.5997583701217,97.1494094919284,0.6627903123587584
925,23.4984984984985,232.39009325784968,98.9429542166013,0.6635188050759633
926,23.51851851851852,226.9536261904325,95.9082486087614,0.6605712896303956
927,23.53853853853854,228.8821563054568,94.25615995340716,0.6503897048339384
928,23.55855855855856,230.75442375012904,96.4593100405686,0.6562842383306846
929,23.57857857857858,233.13104805846868,97.80519308274478,0.6577067014230839
930,23.5985985985986,229.868499477854,98.62155237511044,0.6665358988173737
931,23.61861861861862,228.8896009466136,95.39267897660088,0.6551000052652212
932,23.63863863863864,233.7623141388812,97.07800351097542,0.6537002605837923
933,23.65865865865866,227.10397219916752,96.07512150399614,0.6609953725603992
934,23.67867867867868,225.60238808675985,96.3936631260168,0.6649139073134684
935,23.6986986986987,230.88002890010665,99.1031860838706,0.6667254252730599
936,23.71871871871872,228.9958915512948,94.9151552927832,0.6529394644252249
937,23.73873873873874,227.95753436573855,96.63119968591631,0.6617913221272655
938,23.75875875875876,231.4167128945987,96.80453900979693,0.656562695588693
939,23.77877877877878,230.4876014275424,97.38206927871454,0.6604919821783817
940,23.7987987987988,228.8718427385265,96.35375441721013,0.6590808867012921
941,23.81881881881882,227.4393912026582,96.52336119983164,0.6622480288288751
942,23.83883883883884,231.7449146565603,95.78325246883846,0.6518247603926712
943,23.85885885885886,231.30040235591733,96.40366922581792,0.6551255858578313
944,23.87887887887888,229.80164827244124,95.75104202311708,0.6550105262272138
945,23.8988988988989,233.69327399209533,96.67554886190338,0.6521796007507319
946,23.91891891891892,227.8598304673477,95.64415986280132,0.6579143867803681
947,23.93893893893894,226.94894965815053,96.35071426719364,0.6623932154412331
948,23.95895895895896,228.6161838602375,95.90424507629513,0.657678628683495
949,23.97897897897898,229.908827967289,97.0195023945844,0.6600128610254451
950,23.998998998999,230.48667889864535,95.80205280640769,0.6540474613625864
951,24.01901901901902,229.51752788428732,94.04045847583905,0.6483944732627027
952,24.03903903903904,230.7041107930286,97.03550678249418,0.6587170963056648
953,24.05905905905906,227.49692115161912,94.8279971384585,0.655165399982814
954,24.07907907907908,232.88752920814653,95.04015697444444,0.6468174987840194
955,24.0990990990991,229.83569764321487,95.05850550577878,0.6520916454664061
956,24.11911911911912,232.23459166317625,96.98889788970487,0.6559221989042551
957,24.13913913913914,230.6854506927554,93.43912798657465,0.6438664350849199
958,24.15915915915916,230.9135064383076,98.67294244316274,0.664953786964559
959,24.17917917917918,231.1395345604644,96.55169163036776,0.6560043495374422
960,24.1991991991992,230.89541712003464,95.6793637482944,0.6528442759706837
961,24.21921921921922,231.28544551973508,95.36176984598664,0.6508689690234941
962,24.23923923923924,232.6583050602649,95.66280583227542,0.6497788192689069
963,24.25925925925926,230.3930423394029,95.8590108940845,0.6544418018720015
964,24.27927927927928,231.41800751517704,95.94378945680178,0.6530409494092735
965,24.2992992992993,229.82052861142557,95.81491233853774,0.6552409227339493
966,24.31931931931932,232.88023443089892,95.30967105197408,0.6479457449337407
967,24.33933933933934,228.64721539588143,94.983582845352,0.6538239279096055
968,24.35935935935936,233.60188086582164,94.99052717424328,0.6454047755073498
969,24.37937937937938,229.9196840987113,94.90781956790538,0.6513225100379345
970,24.3993993993994,227.1384497957639,96.197473434722,0.661437075202983
971,24.41941941941942,230.2562088298216,95.61828355036386,0.6536850671474703
972,24.43943943943944,228.63789668505024,92.04540958595624,0.6414576910851373
973,24.45945945945946,231.68128709797745,95.6028181939574,0.6511899397802989
974,24.47947947947948,228.6947520413952,95.10282051546385,0.654236387373708
975,24.4994994994995,229.10763313357043,94.8505900766473,0.6524790724195049
976,24.51951951951952,226.22091853810892,94.44204240418216,0.6557747461753339
977,24.53953953953954,229.09538736150185,95.91598301634134,0.6569017206292633
978,24.55955955955956,225.15224134674207,95.70075351582204,0.6628580785732556
979,24.57957957957958,226.8321943530285,93.94175336510784,0.652618343501974
980,24.5995995995996,231.52082931228856,95.08313442507992,0.649315032994671
981,24.61961961961962,231.5716003173017,93.66592353840674,0.6433109002897072
982,24.63963963963964,230.85091512356996,93.21950717756984,0.6426565796987016
983,24.65965965965966,228.0660477137416,93.93400002631869,0.6504481155406022
984,24.67967967967968,229.90457728771605,95.38474937597202,0.6533236915004119
985,24.6996996996997,229.99279492181887,95.43716625103784,0.6533890035203493
986,24.71971971971972,227.68327062161487,94.95885848275329,0.6553861708327892
987,24.73973973973974,233.0067966035343,95.13264716721729,0.6469990453849344
988,24.75975975975976,231.75472458115132,94.88555435198064,0.6480974218678812
989,24.77977977977978,229.5580716523407,93.689765427252,0.6468525885182894
990,24.7997997997998,230.05377167798903,94.72508670446544,0.6503333098084512
991,24.81981981981982,230.41676561589512,95.0555369089012,0.6510843275128024
992,24.83983983983984,225.91653026315143,94.97142793105556,0.6585080510449925
993,24.85985985985986,229.5056452349588,95.3681050913544,0.6539392997803081
994,24.87987987987988,228.6360315040044,94.84959649443154,0.6532869334836469
995,24.8998998998999,227.99675998021016,94.45488749873944,0.6527470008873164
996,24.91991991991992,229.4377994142281,95.135781798261,0.6530946702537719
997,24.93993993993994,233.59537305369903,94.00134810264228,0.6412906697968317
998,24.95995995995996,231.281685722534,93.10827795448836,0.6414514592751233
999,24.97997997997998,228.8576420204344,93.78941423640912,0.6484757045480198
1000,25.0,231.14516556271232,93.16995241018472,0.6419450746199489
